trip_duration_days,miles_traveled,total_receipts_amount,predicted_reimbursement
3,93.0,1.42,367.83831787109375
1,55.0,3.6,129.0209197998047
1,47.0,17.97,127.63947296142578
2,13.0,4.67,209.80677795410156
3,88.0,5.78,366.8931884765625
1,76.0,13.74,147.99661254882812
3,41.0,4.52,328.6465759277344
1,140.0,22.71,195.0132598876953
3,121.0,21.17,403.75665283203125
3,117.0,21.99,366.40399169921875
2,202.0,21.24,357.1701354980469
3,80.0,21.05,367.67547607421875
2,21.0,20.04,215.07598876953125
3,177.0,18.73,430.29656982421875
1,141.0,10.15,191.54978942871094
1,58.0,5.86,131.60679626464844
1,133.0,8.34,185.85479736328125
1,59.0,8.31,133.6184539794922
2,89.0,13.85,271.8150329589844
2,147.0,17.43,321.6541442871094
5,130.0,306.9,543.7523803710938
5,173.0,1337.9,1459.76025390625
5,592.0,433.75,894.3492431640625
5,679.0,476.08,972.8138427734375
5,708.0,1129.52,1597.70556640625
5,261.0,464.94,707.2242431640625
5,794.0,511.0,1054.7403564453125
5,521.0,1448.55,1615.153076171875
5,595.0,863.93,1285.0567626953125
5,811.0,952.39,1519.6317138671875
5,477.0,704.42,1030.5335693359375
5,730.0,485.73,1006.4554443359375
5,262.0,1173.79,1430.915771484375
5,446.0,219.98,759.060302734375
5,751.0,407.43,955.9013061523438
5,324.0,128.94,683.1220703125
5,414.0,967.0,1320.7852783203125
5,367.0,290.78,744.8377685546875
5,764.0,848.75,1388.3087158203125
5,249.0,873.75,1133.9403076171875
8,862.0,1817.85,1765.488525390625
11,927.0,1994.33,1854.4407958984375
9,602.0,186.69,958.6861572265625
8,610.0,208.29,926.8248901367188
12,333.0,1103.21,1652.5977783203125
8,435.0,1129.65,1493.476318359375
9,218.0,1203.45,1524.629638671875
12,781.0,1159.18,1881.149658203125
11,916.0,1036.91,1923.8060302734375
10,358.0,2066.62,1613.49853515625
12,566.0,2013.7,1802.8013916015625
9,954.0,1483.39,1912.637451171875
9,534.0,1929.94,1632.6611328125
12,765.0,1343.97,1912.9954833984375
8,630.0,967.69,1477.3934326171875
10,909.0,696.0,1544.2552490234375
10,223.0,745.89,1084.07666015625
8,467.0,1178.71,1522.1168212890625
9,708.0,461.07,1130.674560546875
9,885.0,1764.97,1784.648193359375
6,855.0,591.35,1246.963134765625
2,993.0,54.24,675.68798828125
5,685.0,747.14,1225.5311279296875
3,981.0,341.45,763.0198364257812
5,770.0,873.33,1418.0447998046875
6,697.0,651.64,1212.94140625
3,795.0,450.85,782.0299682617188
3,606.0,1184.23,1425.361328125
3,842.0,865.37,1245.5811767578125
7,748.0,241.73,1010.3573608398438
7,624.0,148.16,920.5248413085938
2,713.0,740.33,971.9904174804688
3,874.0,1191.4,1493.3084716796875
6,761.0,530.19,1136.2974853515625
1,815.0,97.89,519.4869384765625
1,601.0,497.7,593.5009155273438
7,817.0,1127.87,1837.21435546875
1,606.0,923.0,1035.625244140625
1,909.0,741.82,895.512939453125
3,624.0,1160.92,1424.9365234375
4,650.0,619.49,650.3323974609375
6,204.0,818.99,538.3711547851562
1,263.0,396.49,186.8597869873047
1,451.0,555.49,170.84434509277344
10,424.0,474.99,885.9932861328125
2,565.0,389.49,428.3648986816406
9,397.0,348.49,849.1438598632812
1,532.0,413.99,326.96875
2,384.0,495.49,323.609619140625
5,754.0,489.99,854.4240112304688
1,344.46,813.85,737.6610107421875
3,906.3,540.03,883.586181640625
3,1007.56,187.52,749.8416748046875
1,359.62,221.15,276.3357849121094
1,362.79,749.19,665.95263671875
1,288.72,159.26,250.82928466796875
2,782.17,830.72,1112.170654296875
2,623.18,347.54,597.1015014648438
3,1061.15,388.5,771.3078002929688
1,252.75,285.5,242.07151794433594
3,1020.39,250.62,748.8401489257812
1,257.97,816.81,708.7284545898438
3,1025.03,592.55,949.6558837890625
2,794.32,402.31,666.4622802734375
1,276.85,485.54,379.3535461425781
2,851.68,473.96,714.7801513671875
3,859.12,611.07,958.0914916992188
3,1317.07,476.87,838.34423828125
1,388.1,827.37,768.0350341796875
1,264.39,758.27,637.34375
5,198.21,594.83,781.094970703125
6,72.85,457.75,647.830810546875
8,297.64,481.09,818.0736083984375
7,237.33,1262.27,1516.161376953125
5,195.73,1228.49,463.7108459472656
8,276.28,1179.9,1489.446044921875
8,302.24,1046.04,1392.9554443359375
8,266.87,252.08,757.2804565429688
9,310.69,239.64,818.3112182617188
6,222.08,709.07,966.970947265625
8,264.94,720.67,1005.240234375
8,161.15,1230.37,1480.821044921875
9,259.96,554.74,883.722412109375
9,97.85,518.56,795.9429321289062
9,194.34,1054.93,1405.8817138671875
9,332.35,374.61,841.0117797851562
5,126.44,696.14,843.1416625976562
5,66.13,848.03,990.5957641601562
6,135.34,1144.13,1424.81982421875
6,233.7,346.98,690.06591796875
9,849.0,1007.41,1813.9384765625
6,806.0,1760.64,1799.923095703125
8,891.0,1194.36,1941.310791015625
9,1182.0,1342.24,2119.26904296875
7,1010.0,1514.03,1990.5284423828125
8,892.0,1768.53,1798.680419921875
6,825.0,1692.73,1806.849609375
8,1118.0,1758.52,1888.697998046875
8,1064.0,1756.52,1874.3974609375
6,811.0,1252.04,1760.4912109375
7,889.0,1417.96,1911.80029296875
9,1012.0,1429.04,1983.8245849609375
6,909.0,1332.18,1821.7119140625
9,1096.0,1690.22,1930.095703125
9,913.0,1021.29,1904.91552734375
6,1006.0,1219.71,1831.283447265625
6,907.0,1650.17,1833.68505859375
9,816.0,1171.81,1841.74609375
7,1006.0,1181.33,2072.9423828125
6,835.0,1404.28,1800.748046875
12,528.0,2476.41,1722.491455078125
4,69.0,2321.49,322.3812561035156
11,1179.0,31.36,1346.9334716796875
13,756.0,954.4,1793.4395751953125
1,123.0,2076.65,1170.493408203125
3,1162.0,2152.66,1498.154541015625
1,822.0,2170.53,1429.5150146484375
11,558.0,1549.86,1786.6163330078125
2,753.0,1111.16,1361.3812255859375
10,224.0,407.51,806.6871948242188
6,383.0,462.79,858.2861938476562
8,1005.0,1391.37,1981.1041259765625
10,1145.0,311.43,1286.6402587890625
5,1004.0,2367.63,1720.994873046875
5,873.0,1402.35,1720.319580078125
2,165.0,1813.32,1281.8367919921875
5,1076.0,190.33,959.2581787109375
12,986.0,2390.92,1842.0233154296875
7,948.0,657.17,1442.5513916015625
3,429.0,2400.13,1436.700439453125
4,362.0,646.43,839.8236694335938
2,622.0,1871.56,1468.08935546875
1,140.0,255.99,140.74917602539062
8,123.0,612.55,854.5125732421875
4,87.0,2463.92,1412.734375
10,164.0,1144.9,1520.95654296875
1,989.0,2196.84,1455.3306884765625
4,470.0,1968.63,1543.4952392578125
1,37.0,1397.17,1067.75146484375
8,488.0,439.7,940.0009155273438
12,757.0,897.4,1712.1915283203125
14,958.0,1727.76,2069.438232421875
2,456.0,2390.7,1357.244140625
5,733.0,41.18,845.6299438476562
5,291.0,1279.7,1482.5050048828125
10,478.0,2091.79,1633.512939453125
8,817.0,1455.73,1819.129638671875
6,1043.0,1404.35,1854.2503662109375
2,958.0,1855.58,1534.652099609375
9,524.0,474.75,1007.1776123046875
6,45.0,81.59,497.7791748046875
8,342.0,2259.06,1531.2244873046875
12,379.0,1897.29,1752.435302734375
6,333.0,1254.68,1547.01318359375
2,634.0,1739.81,1469.148681640625
5,285.0,974.73,1270.215087890625
12,33.0,1249.13,1619.1453857421875
9,118.0,1285.82,1538.876953125
1,420.0,2273.6,1231.7659912109375
11,312.0,2072.39,1642.56201171875
10,753.0,2054.02,1752.52978515625
5,125.0,96.38,543.564453125
6,597.0,888.84,1364.8333740234375
12,1065.0,203.2,1306.3927001953125
1,214.0,540.03,407.5201110839844
11,886.0,922.66,1819.134033203125
10,621.0,978.73,1575.623046875
4,1000.0,2355.34,1643.7005615234375
13,534.0,1765.96,1897.9617919921875
6,475.0,1800.71,1686.3382568359375
11,623.0,2265.21,1734.6478271484375
1,620.0,973.91,1102.3258056640625
13,1004.0,1757.75,2018.9752197265625
8,962.0,1929.63,1806.1702880859375
14,516.0,1464.67,1945.5325927734375
11,685.0,2272.75,1763.6265869140625
3,307.0,266.21,510.65972900390625
3,375.0,1346.21,1371.8306884765625
4,1124.0,2177.18,1630.5230712890625
3,779.0,2110.9,1532.166015625
8,1173.0,671.25,1593.03076171875
14,47.0,1667.14,1797.3287353515625
3,981.0,2008.83,1531.7745361328125
5,516.0,1450.67,1613.368896484375
6,471.0,332.51,855.609619140625
2,941.0,1565.77,1516.330078125
10,377.0,301.96,896.0803833007812
7,273.0,285.83,759.8965454101562
1,458.0,834.7,805.1826171875
11,772.0,932.31,1720.0009765625
11,36.0,1541.47,1609.0687255859375
12,211.0,1048.29,1555.328125
7,987.0,2164.1,1885.5986328125
9,662.0,2275.59,1653.7921142578125
12,96.0,1164.37,1613.34619140625
5,569.0,1856.7,1662.998779296875
12,128.0,477.17,898.5466918945312
4,886.0,2401.28,1642.33349609375
13,19.0,807.27,1234.4158935546875
8,275.0,2347.09,1513.525146484375
9,963.0,588.5,1406.0762939453125
14,1056.0,2489.69,1924.9029541015625
5,728.0,423.16,958.3033447265625
4,286.0,1063.49,431.5999755859375
11,332.0,1352.48,1691.010498046875
12,49.0,1118.38,1544.412841796875
2,18.0,2503.46,1213.5406494140625
14,592.0,1268.36,1933.1148681640625
3,892.0,171.32,746.56982421875
11,741.0,1872.39,1828.2138671875
14,807.0,2358.41,1921.2589111328125
5,873.0,1584.53,1742.2880859375
3,1159.0,2209.44,1499.14501953125
11,920.0,1338.65,1937.5125732421875
1,388.0,390.7,353.8826904296875
9,576.0,1059.79,1549.416015625
9,524.0,2367.12,1621.129638671875
10,459.0,2183.11,1627.28173828125
4,725.0,588.9,997.1904907226562
1,992.0,958.87,1186.322998046875
10,536.0,2194.42,1646.5048828125
11,1126.0,1593.03,2068.288818359375
10,314.0,1098.8,1524.334716796875
1,9.0,2246.28,1111.8837890625
11,706.0,1508.23,1866.57177734375
10,976.0,2166.02,1819.2879638671875
5,1028.0,653.19,1268.3948974609375
8,1166.0,99.47,1166.2550048828125
12,882.0,1958.14,1900.4676513671875
11,448.0,732.79,1211.498291015625
7,623.0,1691.39,1737.01953125
3,127.0,293.49,319.12017822265625
12,218.0,486.02,950.811279296875
3,1166.0,530.44,886.4688110351562
11,17.0,550.58,859.7509765625
9,696.0,1749.97,1697.3038330078125
4,305.0,125.79,589.3236694335938
12,104.0,1300.05,1692.514892578125
1,303.0,931.53,873.3243408203125
8,1012.0,2390.84,1734.394775390625
9,938.0,2224.29,1765.88671875
3,471.0,288.19,590.200927734375
5,72.0,977.67,1160.1224365234375
10,160.0,2272.56,1594.8739013671875
10,965.0,1851.28,1858.22607421875
3,266.0,2178.16,1406.83203125
12,734.0,2491.82,1779.027587890625
12,64.0,1641.01,1690.697509765625
9,497.0,1845.08,1629.78759765625
3,781.0,1801.38,1546.9891357421875
3,158.0,1070.74,1157.1976318359375
3,1096.0,200.27,753.9697265625
11,1116.0,2067.8,1931.494140625
10,831.0,39.86,1126.137451171875
14,124.0,1064.64,1692.2685546875
4,10.0,1262.73,1260.2401123046875
5,955.0,106.86,926.7413330078125
7,1176.0,2489.13,1890.2591552734375
6,803.0,465.6,1092.7435302734375
9,868.0,62.12,1090.6236572265625
1,181.0,128.05,210.5937042236328
3,70.0,631.88,574.947998046875
8,1090.0,419.76,1237.7392578125
14,1184.0,2269.89,2011.658935546875
1,735.0,1676.9,1391.8798828125
2,547.0,119.09,533.279296875
11,265.0,218.66,878.6175537109375
10,223.0,886.32,1271.611083984375
12,959.0,1947.82,1910.209716796875
11,498.0,1578.39,1754.541015625
14,127.0,988.4,1607.5499267578125
3,621.0,214.08,669.9798583984375
6,1193.0,2241.5,1851.6842041015625
4,448.0,2055.97,1536.14404296875
8,466.0,2064.63,1562.0712890625
12,229.0,1216.16,1690.53369140625
13,658.0,559.48,1399.6287841796875
13,1034.0,2477.98,1878.8624267578125
4,842.0,2464.29,1637.0770263671875
13,837.0,1218.93,1949.8643798828125
11,927.0,1306.37,1940.008544921875
4,1047.0,1657.68,1620.0535888671875
4,262.0,1681.28,1472.6522216796875
7,1126.0,1103.75,2101.40869140625
5,781.0,672.91,1210.87255859375
5,831.0,591.65,1147.5423583984375
7,1089.0,1026.25,2050.953125
1,793.0,2171.07,1422.9542236328125
9,368.0,495.12,902.1956176757812
6,818.0,1130.38,1734.2723388671875
11,667.0,1915.95,1792.5616455078125
2,267.0,2116.93,1326.1492919921875
10,1083.0,2105.36,1864.2313232421875
13,529.0,1767.79,1899.7320556640625
9,1155.0,1346.4,2105.31103515625
7,1185.0,1768.01,2001.645263671875
5,763.0,1420.94,1710.9901123046875
7,368.0,1231.69,1539.46923828125
6,659.0,322.1,949.5372314453125
14,1138.0,518.18,1589.044921875
6,172.0,1977.78,1590.3226318359375
6,628.0,311.47,924.5328979492188
2,500.0,1246.48,1284.9984130859375
8,7.0,2075.6,1442.8363037109375
5,942.0,2092.87,1741.447021484375
12,81.0,2485.34,1617.2159423828125
4,166.0,791.52,889.7769165039062
3,213.0,1724.85,1373.0465087890625
11,1004.0,167.15,1238.9493408203125
5,116.0,478.1,636.3779296875
13,112.0,2299.56,1725.204833984375
1,43.0,2149.22,1135.0023193359375
2,660.0,1944.4,1482.716064453125
10,888.0,298.68,1177.0516357421875
10,860.0,2380.76,1748.02978515625
10,1187.0,1981.09,1946.865478515625
12,1139.0,124.65,1328.34619140625
5,966.0,359.51,984.21044921875
10,796.0,1352.08,1880.926513671875
9,72.0,1281.32,1514.636962890625
10,215.0,2440.91,1598.328369140625
7,671.0,1297.02,1713.6568603515625
5,230.0,333.69,622.26953125
5,467.0,1243.31,1529.6573486328125
13,247.0,2339.61,1743.091796875
14,777.0,1248.61,1973.9608154296875
11,740.0,1171.99,911.8160400390625
6,884.0,1798.31,1821.238525390625
5,789.0,1853.31,1732.0626220703125
4,825.0,874.99,737.5079956054688
2,301.0,769.23,778.7018432617188
12,1007.0,1353.77,2040.8150634765625
5,865.0,644.79,1216.979736328125
14,81.0,1251.97,1767.497314453125
8,1159.0,2175.27,1802.0994873046875
11,496.0,373.98,1045.4595947265625
1,752.0,1632.35,1392.3936767578125
5,1014.0,1853.57,1741.2255859375
9,686.0,145.66,999.36279296875
5,654.0,1272.89,1622.8253173828125
8,621.0,2391.34,1585.7908935546875
9,1080.0,539.51,1410.376220703125
10,714.0,269.06,1081.0596923828125
10,816.0,1425.64,1871.7991943359375
14,1122.0,1766.25,2135.860107421875
4,1202.0,1074.87,1521.825439453125
5,651.0,1573.3,1681.27001953125
14,1100.0,237.69,1399.5313720703125
14,296.0,485.68,1135.5098876953125
1,697.0,2148.5,1394.0025634765625
6,1044.0,47.46,1057.42236328125
12,398.0,2481.44,1690.3314208984375
3,139.0,2428.89,1360.479248046875
6,84.0,852.7,1075.2760009765625
2,423.0,1639.17,1342.4857177734375
11,815.0,2385.6,1782.9739990234375
6,577.0,897.74,1362.4521484375
8,200.0,1508.89,1513.869384765625
9,1102.0,540.6,1429.191650390625
12,508.0,1970.54,1785.757568359375
13,1024.0,1712.85,2036.9722900390625
7,1161.0,1499.97,2019.8218994140625
2,730.0,285.24,616.30322265625
13,996.0,1809.2,2003.845458984375
5,1160.0,1901.83,1729.2225341796875
2,1139.0,306.43,664.7115478515625
14,191.0,2442.76,1799.73876953125
7,776.0,2447.82,1799.56787109375
14,414.0,1919.7,1904.186767578125
7,847.0,1994.62,1849.410888671875
6,924.0,1227.21,1804.548583984375
2,933.0,1589.58,1519.9964599609375
1,211.0,958.08,876.397705078125
10,773.0,865.92,1625.47509765625
3,196.0,1211.68,1251.953125
14,49.0,954.02,1508.454833984375
5,477.0,655.24,987.8153686523438
5,828.0,1606.84,1735.6260986328125
11,458.0,1364.29,1729.8685302734375
3,289.0,1245.67,1306.7452392578125
1,1060.0,501.67,666.555419921875
5,1085.0,2486.43,1712.18798828125
4,675.0,381.48,810.6278686523438
8,415.0,1214.97,1518.4368896484375
6,425.0,709.75,1062.9483642578125
7,313.0,2408.02,1635.47705078125
13,235.0,426.07,977.921630859375
7,635.0,1406.31,1706.4505615234375
10,1009.0,2164.22,1831.95849609375
3,692.0,450.7,756.2376098632812
2,91.0,1073.76,1042.0098876953125
8,1187.0,1045.91,2064.738037109375
14,600.0,1120.05,1887.7232666015625
5,210.0,710.49,476.18572998046875
12,10.0,1203.1,1576.14892578125
1,452.0,275.05,321.4764404296875
4,256.0,2218.74,1480.6201171875
8,312.0,2383.17,1518.4593505859375
2,1175.0,816.2,1133.211669921875
11,960.0,383.64,1295.6424560546875
6,690.0,1009.37,1554.37353515625
14,487.0,579.29,1370.148193359375
8,75.0,315.71,612.9673461914062
13,360.0,271.93,1050.0460205078125
11,708.0,1871.77,1821.0789794921875
3,182.0,347.82,424.7751770019531
10,683.0,2442.92,1681.2808837890625
5,392.0,1264.6,1515.05810546875
10,175.0,1443.25,1617.533935546875
7,577.0,1959.13,1720.892822265625
13,799.0,951.92,1822.5404052734375
13,608.0,370.89,1226.3934326171875
7,194.0,202.49,661.1735229492188
13,889.0,232.72,1294.3472900390625
7,901.0,136.8,1061.0184326171875
1,698.0,1525.82,1363.292236328125
9,592.0,793.55,1287.34912109375
14,1015.0,871.76,1941.7913818359375
9,524.0,136.46,905.6373291015625
5,781.0,2114.27,1723.3729248046875
3,200.0,58.24,451.9850158691406
5,503.0,2335.55,1645.6239013671875
11,667.0,2221.67,1761.7781982421875
7,336.0,1843.58,1641.0938720703125
4,217.0,1506.46,1438.3662109375
8,207.0,1146.93,1456.2332763671875
7,690.0,1807.71,1784.5966796875
2,251.0,1916.43,1316.864990234375
4,627.0,956.98,1342.7855224609375
1,432.0,581.71,533.7381591796875
4,1194.0,2250.51,1631.4820556640625
10,64.0,455.9,765.1238403320312
8,15.0,377.85,608.0393676757812
11,741.0,1207.39,1849.9178466796875
8,638.0,1007.48,1518.65966796875
12,965.0,1700.28,1949.1927490234375
8,1182.0,990.07,2015.640380859375
13,1062.0,869.28,1937.2288818359375
1,754.0,1220.47,1303.18603515625
14,767.0,186.47,1284.3167724609375
11,775.0,1752.23,1853.5543212890625
8,592.0,1402.98,1608.9681396484375
6,957.0,727.75,1448.0467529296875
9,800.0,2167.72,1708.1572265625
6,1198.0,222.6,1093.449951171875
3,1092.0,1737.65,1505.07080078125
12,958.0,2499.84,1811.906494140625
11,955.0,1282.19,1977.804931640625
11,605.0,1880.69,1771.6072998046875
7,670.0,1558.02,1765.3387451171875
11,844.0,1962.77,1838.5037841796875
3,718.0,1158.02,1450.94775390625
6,323.0,1477.23,1610.3934326171875
14,616.0,2374.41,1884.77001953125
8,752.0,1519.78,1728.8250732421875
1,1166.0,1423.69,1410.686767578125
3,1187.0,1632.14,1490.895263671875
3,1013.0,166.52,750.46044921875
5,741.0,429.24,967.5487670898438
14,467.0,2176.26,1877.122314453125
3,224.0,358.77,455.409912109375
3,712.0,512.23,809.3824462890625
12,218.0,901.03,1385.8798828125
6,373.0,587.38,928.3502807617188
8,562.0,2479.33,1559.828857421875
5,132.0,2387.03,1532.62451171875
3,98.0,871.46,877.4385986328125
14,545.0,1206.76,1905.372802734375
1,869.0,1498.88,1400.884033203125
2,875.0,393.25,674.8692016601562
8,888.0,2296.07,1708.903076171875
1,716.0,1396.41,1345.2095947265625
8,1025.0,1031.33,2020.0338134765625
9,1064.0,2016.76,1825.3612060546875
4,463.0,1963.41,1541.7420654296875
1,678.0,1478.57,1349.132080078125
1,436.0,1358.14,1167.998046875
5,586.0,2135.36,1671.2708740234375
1,797.0,126.8,514.11328125
14,481.0,939.99,912.3922119140625
7,172.0,1486.86,1557.6485595703125
10,1192.0,23.47,1317.8516845703125
7,981.0,658.85,1455.7469482421875
10,692.0,1671.71,1764.23974609375
13,710.0,2223.86,1878.5546875
12,380.0,1526.79,1790.8309326171875
3,133.0,1728.5,1343.68701171875
4,730.0,799.25,1221.8941650390625
12,1070.0,1055.51,2089.637939453125
8,1185.0,554.98,1450.3990478515625
11,456.0,2223.72,1668.569580078125
12,85.0,1056.43,1508.990478515625
2,543.0,103.37,528.2525024414062
6,367.0,1947.68,1660.0037841796875
1,481.0,1792.17,1232.771484375
5,233.0,1862.04,1556.9835205078125
1,45.0,1070.22,914.1663818359375
5,152.0,2444.81,1537.1864013671875
7,344.0,1242.05,1536.365966796875
5,320.0,1584.55,1568.083984375
9,989.0,378.12,1211.992919921875
10,57.0,936.89,1278.1180419921875
12,342.0,2253.61,1703.846435546875
2,983.0,2109.93,1530.4190673828125
10,886.0,1990.03,1802.5477294921875
10,5.0,836.86,1123.6593017578125
3,80.0,517.54,477.3471374511719
8,482.0,1411.49,629.363037109375
4,11.0,312.01,392.6143798828125
12,1075.0,2328.11,1881.2532958984375
13,632.0,268.91,1191.70849609375
8,323.0,46.48,789.5107421875
11,527.0,1550.32,1775.0001220703125
5,948.0,898.6,1515.347900390625
5,504.0,1502.63,1618.36572265625
10,793.0,1422.29,1872.07373046875
13,32.0,232.43,785.3516235351562
9,768.0,1815.6,1722.583984375
9,994.0,1742.62,1860.5928955078125
1,1105.0,1432.3,1410.0985107421875
12,178.0,507.59,945.1117553710938
10,472.0,431.95,991.502197265625
5,716.0,1111.23,1586.1436767578125
3,771.0,725.67,1067.587646484375
13,1054.0,1131.25,2141.600830078125
10,872.0,2191.27,1771.012939453125
12,1077.0,32.55,1342.4705810546875
12,211.0,749.56,1185.9935302734375
4,199.0,1310.01,1383.3564453125
2,1029.0,1702.6,1534.929931640625
10,643.0,2263.77,1683.71240234375
10,797.0,1706.73,1806.1737060546875
12,657.0,322.5,1172.2513427734375
8,177.0,486.06,765.4168090820312
2,222.0,456.24,430.4378356933594
3,555.0,2342.76,1473.818115234375
2,785.0,1964.63,1511.465576171875
5,104.0,281.67,520.4474487304688
1,673.0,2026.16,1384.3111572265625
10,877.0,1711.12,1844.251708984375
1,250.0,1300.17,1114.6539306640625
1,467.0,296.49,227.85276794433594
10,1026.0,828.82,1796.12841796875
11,1106.0,2250.54,1897.234619140625
12,452.0,816.56,1361.1070556640625
14,865.0,2497.16,1900.3411865234375
8,107.0,2450.89,1479.62841796875
8,80.0,1092.18,1374.814697265625
8,945.0,766.98,1598.796875
13,1140.0,1607.8,2141.036376953125
2,636.0,1438.19,1433.7745361328125
14,865.0,1422.11,2051.01318359375
12,482.0,1710.47,1805.17626953125
2,68.0,756.61,628.1187133789062
14,512.0,526.84,1353.365966796875
14,1001.0,1647.24,2102.521728515625
1,547.0,573.6,628.2581787109375
10,5.0,1338.9,1523.2437744140625
3,1158.0,1107.4,1444.9437255859375
1,993.0,1143.58,1319.552978515625
6,378.0,837.63,1194.9378662109375
11,1156.0,2231.86,1918.1978759765625
5,1050.0,882.86,1511.889892578125
8,836.0,735.52,1459.640869140625
11,654.0,1516.42,1831.1070556640625
8,633.0,1308.36,1628.6165771484375
12,713.0,1642.01,1909.42431640625
5,96.0,1105.47,1308.403564453125
7,1054.0,576.47,1384.33837890625
12,495.0,1948.13,1784.3785400390625
1,1068.0,2011.28,1460.0908203125
7,1000.0,1620.46,1956.142822265625
13,855.0,1798.75,1971.951171875
8,544.0,1279.51,1568.0450439453125
11,816.0,544.99,1060.3834228515625
5,1080.0,2383.82,1714.6229248046875
8,1124.0,1908.69,1853.5445556640625
3,29.0,1632.85,1280.677978515625
6,470.0,2235.72,1691.9566650390625
7,287.0,2293.5,1618.423828125
4,72.0,1367.29,1335.654052734375
6,344.0,233.31,775.7390747070312
8,801.0,1241.21,1814.0865478515625
5,629.0,484.34,952.0753173828125
11,327.0,961.08,1432.6649169921875
14,94.0,105.94,1015.7732543945312
4,1113.0,2103.82,1629.973876953125
14,267.0,2090.21,1851.1939697265625
1,979.0,1292.54,1362.4796142578125
10,625.0,519.94,1174.3868408203125
14,457.0,848.61,1531.364013671875
11,398.0,723.39,1173.182861328125
14,68.0,438.96,941.3889770507812
3,769.0,2497.93,1503.3798828125
13,694.0,1054.31,1829.363525390625
12,1088.0,1977.91,1946.949462890625
9,101.0,950.23,1279.0556640625
1,170.0,2452.85,1189.9486083984375
12,1135.0,475.95,1474.453125
3,1109.0,2092.26,1502.7611083984375
7,753.0,358.13,1059.0198974609375
2,521.0,467.19,625.049560546875
12,1003.0,983.23,2005.3580322265625
3,269.0,708.05,779.2160034179688
14,646.0,2418.19,1889.5863037109375
14,1153.0,346.58,1436.7542724609375
4,18.0,289.06,389.1385803222656
13,1167.0,1074.36,2168.60986328125
1,1113.0,1536.0,1431.49267578125
6,930.0,1907.95,1829.7862548828125
5,714.0,617.72,1121.1029052734375
7,256.0,2180.53,1605.11328125
9,1063.0,2497.79,1757.0911865234375
11,512.0,2016.19,1716.9256591796875
9,463.0,1024.53,1451.4293212890625
12,714.0,2003.23,1861.8563232421875
9,1165.0,1868.79,1906.3182373046875
1,872.0,2420.07,1437.8551025390625
10,631.0,1220.71,1721.9940185546875
9,633.0,888.17,1444.328857421875
4,1065.0,119.34,841.9166870117188
12,947.0,193.05,1263.4541015625
4,159.0,568.58,653.8349609375
1,292.0,449.83,353.50592041015625
1,1115.0,926.13,1160.332275390625
7,1168.0,667.94,1551.3115234375
4,348.0,2047.08,1510.8585205078125
8,77.0,1930.98,1483.773681640625
7,1033.0,1013.03,2022.8197021484375
4,672.0,1603.52,1611.4874267578125
4,1191.0,999.45,1478.3216552734375
8,392.0,661.27,998.640380859375
7,951.0,584.4,1349.947021484375
5,778.0,2423.47,1704.3662109375
11,958.0,1999.13,1871.0284423828125
3,186.0,1068.31,1167.969482421875
5,1116.0,2460.46,1712.7386474609375
13,63.0,107.92,849.7445068359375
6,170.0,476.99,610.9532470703125
3,870.0,413.23,776.3653564453125
12,852.0,1957.9,1893.17578125
6,420.0,386.77,857.8818359375
6,668.0,1922.45,1761.5421142578125
8,795.0,1645.99,718.715087890625
4,420.0,927.74,1212.3626708984375
12,1074.0,2407.71,1862.5234375
12,916.0,2394.85,1830.3819580078125
4,1075.0,586.17,1051.5810546875
5,1143.0,1217.72,1703.222900390625
2,719.0,591.44,806.6929321289062
4,197.0,1858.84,1457.35986328125
6,248.0,395.4,719.6715698242188
10,834.0,1820.8,1800.7440185546875
1,1112.0,2011.44,1459.8968505859375
12,1189.0,1453.16,2168.964599609375
14,269.0,1349.61,1862.0379638671875
7,671.0,1262.85,1697.108642578125
9,52.0,350.58,655.1563110351562
14,976.0,1526.58,2103.124267578125
2,370.0,1554.5,1321.217041015625
4,1180.0,1948.55,1620.7952880859375
5,36.0,2022.94,1480.5294189453125
5,691.0,1030.64,1512.7861328125
8,52.0,2353.5,1465.9927978515625
11,24.0,2029.04,1577.070556640625
8,221.0,936.98,1261.04443359375
1,85.0,89.83,155.5990447998047
7,803.0,12.75,1052.855712890625
12,893.0,910.41,1836.9046630859375
14,113.0,1091.13,1716.041748046875
5,516.0,1878.49,623.71826171875
14,904.0,2005.96,1996.9066162109375
1,1058.0,1601.04,1440.979736328125
14,555.0,313.73,1231.943603515625
7,738.0,730.28,1371.14111328125
8,792.0,2437.24,1646.7763671875
5,831.0,432.8,995.799072265625
7,709.0,320.8,1020.8843383789062
9,1078.0,161.85,1178.3402099609375
2,616.0,968.93,1195.7301025390625
2,570.0,2297.12,1430.54638671875
9,13.0,986.41,1271.1748046875
7,381.0,2106.96,1659.2109375
9,460.0,2424.47,1606.9486083984375
4,425.0,1286.54,1457.5767822265625
11,437.0,1053.24,1568.16455078125
9,1000.0,1901.79,1831.2547607421875
1,553.0,1687.11,1303.0782470703125
10,5.0,1094.06,1404.7401123046875
12,931.0,864.21,1803.1129150390625
6,436.0,914.53,1311.6092529296875
3,1074.0,247.32,748.33740234375
9,896.0,1398.54,1871.462646484375
1,462.0,2047.57,1236.903564453125
3,665.0,2418.16,1498.0079345703125
11,532.0,2419.86,1677.60693359375
9,483.0,52.64,901.60302734375
12,296.0,326.83,956.1577758789062
9,131.0,1990.0,1567.3055419921875
6,836.0,2035.17,1802.819091796875
10,532.0,1223.36,1655.0164794921875
14,595.0,2140.61,1918.2274169921875
7,623.0,1894.02,1748.112548828125
5,1077.0,2234.35,1722.73974609375
5,579.0,1018.52,1445.5123291015625
8,255.0,1817.19,1525.506103515625
8,1009.0,1378.07,1991.2060546875
10,87.0,498.96,809.1614379882812
1,809.0,1734.56,1417.4281005859375
9,1079.0,1981.94,1836.3961181640625
8,1134.0,1049.84,2066.81640625
8,403.0,654.97,997.5772705078125
8,534.0,429.88,958.8193969726562
13,564.0,2245.56,1821.6907958984375
2,752.0,958.29,1242.0203857421875
11,293.0,1410.0,1692.5184326171875
5,919.0,470.23,1055.0157470703125
5,103.0,333.22,539.3513793945312
1,893.0,19.76,544.4689331054688
12,37.0,52.65,811.8311767578125
8,1142.0,776.74,1722.423828125
5,332.0,218.03,711.18701171875
7,950.0,1739.62,1918.252685546875
9,223.0,1916.03,1589.4068603515625
6,522.0,1210.87,1586.4671630859375
12,46.0,2077.07,1636.356689453125
2,252.0,1545.94,1284.915771484375
14,999.0,619.42,1639.192626953125
13,125.0,2004.61,1752.2330322265625
9,597.0,625.99,944.331298828125
3,289.0,853.79,970.9375
7,953.0,1918.24,1901.2943115234375
4,275.0,2359.64,1486.789306640625
5,755.0,1584.41,1723.914794921875
9,803.0,880.17,1635.41357421875
11,293.0,285.14,898.3321533203125
6,164.0,1460.21,1551.182861328125
12,675.0,2277.93,1806.2757568359375
11,859.0,146.71,1167.8446044921875
2,296.0,1878.7,1328.6923828125
7,300.0,2417.85,1626.764892578125
2,1155.0,1517.18,1502.4853515625
5,765.0,480.48,1014.1264038085938
9,1097.0,2330.2,1788.462890625
4,422.0,2049.71,1529.6612548828125
14,1020.0,510.33,1521.55126953125
4,205.0,545.57,660.262939453125
12,1046.0,1850.85,1959.552734375
4,1001.0,739.08,1206.7916259765625
9,938.0,742.17,1588.0006103515625
5,351.0,407.74,768.594482421875
9,748.0,653.42,1339.19189453125
13,1186.0,2462.26,1915.98779296875
6,384.0,1656.04,1651.5181884765625
10,150.0,418.41,775.3978271484375
10,783.0,158.93,1084.580078125
6,372.0,2494.69,1661.0498046875
10,958.0,1643.76,1892.8541259765625
8,34.0,1225.2,1432.235595703125
7,151.0,2461.93,1561.7481689453125
7,150.0,1379.35,1528.4085693359375
6,751.0,2085.98,1780.939453125
7,568.0,159.12,884.316650390625
12,574.0,2240.9,1773.35791015625
13,36.0,808.38,1242.6199951171875
14,595.0,1818.77,1962.6761474609375
7,381.0,2342.27,1662.12255859375
14,174.0,815.3,1376.6446533203125
11,226.0,2013.45,1630.308837890625
13,137.0,1505.66,1790.1805419921875
13,774.0,206.45,1234.9896240234375
5,1120.0,1514.91,1728.94873046875
4,862.0,2335.55,1642.373046875
8,829.0,1147.89,1857.2947998046875
4,380.0,446.66,718.9110107421875
9,238.0,1197.83,1532.42138671875
13,1199.0,493.0,1563.390625
12,710.0,1249.41,1884.15087890625
14,719.0,1973.14,1975.701416015625
1,482.0,1697.08,1227.552001953125
9,444.0,725.31,1107.5579833984375
11,610.0,1990.79,1759.5885009765625
4,238.0,1707.28,1465.7562255859375
2,299.0,1612.7,1308.106689453125
10,273.0,799.9,1157.409912109375
3,154.0,274.04,393.6483154296875
7,636.0,697.02,1246.85791015625
2,1038.0,685.07,961.9452514648438
2,798.0,2334.41,1492.499267578125
12,601.0,2166.56,1795.57861328125
6,290.0,814.04,1131.6861572265625
8,16.0,259.02,562.2420043945312
8,303.0,1072.44,1421.2196044921875
11,372.0,2048.26,1660.854248046875
3,864.0,2338.52,1523.0604248046875
11,913.0,2253.41,1817.260498046875
14,805.0,834.06,1759.57373046875
5,905.0,2317.31,1725.814697265625
10,728.0,226.53,1071.3927001953125
4,842.0,893.25,1366.4254150390625
5,117.0,953.06,1163.226806640625
12,307.0,957.17,1483.3870849609375
9,51.0,314.81,638.954833984375
7,1071.0,841.11,1761.729736328125
13,922.0,1510.22,2022.98388671875
8,867.0,2373.39,1691.633056640625
11,1013.0,1483.3,1990.918212890625
6,1148.0,1525.81,1864.2528076171875
12,158.0,2195.67,1670.288818359375
5,1010.0,2054.21,1739.708984375
1,682.0,1517.04,1355.7203369140625
5,14.0,78.33,414.113037109375
6,1203.0,1900.48,1867.234130859375
4,810.0,1852.31,1638.336669921875
3,760.0,2073.25,1531.85302734375
7,868.0,625.09,1366.0455322265625
7,205.0,103.31,702.5770263671875
5,387.0,1882.35,1609.2874755859375
11,447.0,130.07,973.5347290039062
9,482.0,1348.44,1614.7796630859375
7,15.0,2436.67,1484.7083740234375
10,955.0,1182.33,1990.837890625
5,41.0,2314.68,1486.416015625
2,1189.0,1164.74,1427.8492431640625
2,762.0,519.74,744.2785034179688
10,895.0,937.46,1816.9246826171875
13,858.0,2258.01,1898.802734375
11,650.0,524.8,1255.8609619140625
4,198.0,2106.63,1459.979248046875
1,791.0,1927.75,1420.2333984375
14,1020.0,1201.75,2160.6181640625
12,59.0,2247.39,1628.6724853515625
8,626.0,545.84,1099.343505859375
5,57.0,559.05,659.40283203125
5,908.0,716.7,1309.31396484375
13,8.0,78.44,801.9227905273438
11,684.0,672.51,1409.4708251953125
4,180.0,2365.46,1453.07568359375
13,511.0,1628.33,1904.73486328125
4,231.0,20.39,531.6913452148438
9,1139.0,1973.31,1858.74169921875
9,578.0,1167.71,1611.246337890625
14,530.0,2028.06,1923.7972412109375
7,316.0,141.89,774.5390014648438
2,897.0,2382.39,1502.9906005859375
12,121.0,608.92,1024.7381591796875
4,764.0,1417.94,1619.275634765625
11,663.0,2141.08,1769.699951171875
3,91.0,1640.15,1314.5751953125
1,1035.0,1289.84,1366.71240234375
7,125.0,193.62,612.671630859375
12,437.0,639.96,1203.3787841796875
4,84.0,2243.12,1412.1475830078125
5,716.0,1316.6,1666.9835205078125
12,18.0,2461.37,1589.329345703125
3,560.0,1664.15,1479.869140625
3,504.0,63.39,587.4791870117188
5,1126.0,664.9,1294.376953125
1,1092.0,390.55,593.8082275390625
11,273.0,502.37,935.9237060546875
4,6.0,458.7,462.19952392578125
1,620.0,490.45,593.5131225585938
5,659.0,2083.15,1697.1162109375
12,353.0,2150.17,1718.8240966796875
13,618.0,1982.27,1896.4296875
2,1158.0,2355.92,1512.8125
3,512.0,1251.6,1395.32470703125
5,840.0,941.55,1521.419921875
7,1086.0,2319.81,1894.9951171875
13,1152.0,864.45,1958.8597412109375
4,840.0,1375.42,1612.2357177734375
4,724.0,89.99,697.2518920898438
3,327.0,2141.92,1425.1065673828125
13,1055.0,2005.84,1974.1607666015625
1,931.0,327.97,561.96484375
10,108.0,2181.67,1589.354736328125
13,1204.0,24.47,1416.5589599609375
5,517.0,919.25,1311.9781494140625
8,897.0,1536.36,1865.257568359375
12,988.0,2492.79,1819.9718017578125
1,1041.0,1630.25,1443.8409423828125
10,454.0,2359.42,1621.9197998046875
5,406.0,1084.16,1428.140380859375
4,103.0,1790.07,1418.0439453125
11,198.0,269.95,799.0069580078125
4,477.0,18.97,638.7434692382812
11,67.0,2455.53,1574.7481689453125
7,789.0,185.73,1015.7349853515625
13,70.0,993.7,1497.46630859375
12,59.0,858.62,1270.2371826171875
3,1027.0,180.0,755.1201171875
3,275.0,543.74,618.988037109375
12,180.0,384.42,865.78173828125
3,334.0,2449.89,1423.90087890625
7,759.0,1694.02,1837.431396484375
10,174.0,1991.96,1593.9246826171875
1,780.0,366.37,545.20703125
9,934.0,415.5,1216.278076171875
8,936.0,556.28,1312.0494384765625
1,1002.0,2320.13,1457.3359375
7,83.0,137.84,562.5191040039062
9,191.0,789.52,1083.718505859375
3,280.0,1090.37,1231.01904296875
5,644.0,2383.17,1682.807373046875
10,498.0,992.86,1479.5936279296875
4,317.0,1793.28,1498.4078369140625
4,1100.0,370.61,877.3639526367188
4,263.0,2469.06,1480.37939453125
4,932.0,1287.34,1589.3829345703125
14,343.0,2013.4,1873.3304443359375
2,274.0,888.24,924.8007202148438
1,759.0,330.29,525.0938110351562
8,204.0,2178.45,1508.1279296875
10,396.0,2068.65,1618.9097900390625
6,840.0,870.82,1544.1680908203125
7,756.0,1473.59,1827.1025390625
4,1048.0,279.75,850.703369140625
9,800.0,39.96,1067.6268310546875
3,240.0,1895.67,1393.6953125
13,997.0,920.48,1961.6783447265625
2,826.0,2163.39,1510.5462646484375
6,194.0,914.25,1210.589599609375
4,333.0,1934.76,1507.020263671875
8,1053.0,1864.01,1854.7183837890625
12,466.0,1291.33,1781.413330078125
8,916.0,2417.62,1703.446533203125
11,322.0,1251.3,1663.8145751953125
13,11.0,1114.96,1572.3802490234375
7,250.0,364.79,739.65673828125
5,247.0,296.51,631.1400146484375
14,1158.0,2104.61,2045.5457763671875
11,1095.0,1071.83,2101.117919921875
11,1149.0,270.81,1311.5936279296875
9,14.0,1057.38,1342.9896240234375
4,184.0,983.77,1158.605712890625
6,135.0,2488.22,1576.4736328125
5,717.0,1508.97,1705.6800537109375
1,389.0,1964.96,1222.6971435546875
3,1136.0,1296.54,1475.7152099609375
13,145.0,2202.42,1737.607421875
1,1122.0,861.5,1077.484130859375
14,383.0,97.95,1147.865478515625
1,309.0,1211.37,1093.75732421875
14,1090.0,2248.68,1988.649169921875
3,278.0,994.9,1140.1343994140625
7,1109.0,2397.29,1889.7125244140625
12,643.0,2194.16,1809.915771484375
11,176.0,1050.67,1483.0361328125
7,309.0,1021.75,1375.06689453125
3,992.0,1897.41,1533.272705078125
3,175.0,440.19,478.67108154296875
5,895.0,2329.69,1725.57763671875
8,372.0,348.37,834.632080078125
5,567.0,193.11,791.2202758789062
8,978.0,710.43,1538.510498046875
1,1082.0,1809.49,432.9930419921875
11,636.0,2238.97,1741.25537109375
6,370.0,315.09,808.424072265625
8,413.0,222.83,832.7890625
3,399.0,141.39,547.0023803710938
